FV Project ID,referralType,campaignSimplyConvert
142057,API,Posted via Braver Law
142069,API,Posted via Braver Law
142110,API,Posted via Braver Law
142114,API,Posted via Braver Law
142255,API,Posted via Braver Law
142679,API,Posted via Braver Law
142720,API,Posted via Braver Law
142859,API,Posted via Braver Law
143073,API,Posted via Braver Law
143135,API,Posted via Braver Law
143152,API,Posted via Braver Law
143231,API,Posted via Braver Law
143255,API,Posted via Braver Law
143291,API,Posted via Braver Law
143403,API,Posted via Braver Law
143540,API,Posted via Braver Law
143856,API,Posted via Braver Law
143958,API,Posted via Braver Law
143997,API,Posted via Braver Law
144160,API,Posted via Braver Law
144192,API,Posted via Braver Law
144766,API,Posted via Braver Law
144788,API,Posted via Braver Law
144789,API,Posted via Braver Law
144793,API,Posted via Braver Law
145264,API,Posted via Braver Law
145397,API,Posted via Braver Law
145431,API,Posted via Braver Law
145475,API,Posted via Braver Law
145565,API,Posted via Braver Law
145571,API,Posted via Braver Law
145793,API,Posted via Braver Law
145831,API,Posted via Braver Law
146027,API,Posted via Braver Law
146033,API,Posted via Braver Law
146043,API,Posted via Braver Law
146056,API,Posted via Braver Law
146509,API,Posted via Braver Law
146646,API,Posted via Braver Law
146805,API,Posted via Braver Law
146920,API,Posted via Braver Law
147116,API,Posted via Braver Law
147188,API,Posted via Braver Law
147311,API,Posted via Braver Law
147490,API,Posted via Braver Law
148053,API,Posted via Braver Law
148395,API,Posted via Braver Law
148630,API,Posted via Braver Law
148664,API,Posted via Braver Law
148870,API,Posted via Braver Law
148908,API,Posted via Braver Law
149015,API,Posted via Braver Law
149082,API,Posted via Braver Law
149100,API,Posted via Braver Law
149106,API,Posted via Braver Law
149156,API,Posted via Braver Law
149462,API,Posted via Braver Law
149469,API,Posted via Braver Law
149531,API,Posted via Braver Law
149668,API,Posted via Braver Law
149727,API,Posted via Braver Law
149920,API,Posted via Braver Law
150114,API,Posted via Braver Law
150298,API,Posted via Braver Law
150349,API,Posted via Braver Law
150452,API,Posted via Braver Law
150550,API,Posted via Braver Law
150762,API,Posted via Braver Law
150876,API,Posted via Braver Law
150927,API,Posted via Braver Law
151172,API,Posted via Braver Law
151190,API,Posted via Braver Law
151414,API,Posted via Braver Law
151466,API,Posted via Braver Law
151778,API,Posted via Braver Law
151972,API,Posted via Braver Law
152012,API,Posted via Braver Law
152102,API,Posted via Braver Law
152140,API,Posted via Braver Law
152148,API,Posted via Braver Law
152181,API,Posted via Braver Law
152301,API,Posted via Braver Law
152641,API,Posted via Braver Law
152725,API,Posted via Braver Law
152802,API,Posted via Braver Law
152818,API,Posted via Braver Law
152859,API,Posted via Braver Law
153207,API,Posted via Braver Law
153244,API,Posted via Braver Law
153553,API,Posted via Braver Law
153663,API,Posted via Braver Law
153690,API,Posted via Braver Law
153945,API,Posted via Braver Law
154098,API,Posted via Braver Law
154199,API,Posted via Braver Law
154379,API,Posted via Braver Law
154701,API,Posted via Braver Law
154724,API,Posted via Braver Law
154740,API,Posted via Braver Law
154987,API,Posted via Braver Law
155034,API,Posted via Braver Law
155207,API,Posted via Braver Law
155254,API,Posted via Braver Law
155271,API,Posted via Braver Law
155314,API,Posted via Braver Law
155369,API,Posted via Braver Law
155696,API,Posted via Braver Law
155797,API,Posted via Braver Law
155869,API,Posted via Braver Law
155994,API,Posted via Braver Law
156104,API,Posted via Braver Law
156126,API,Posted via Braver Law
156179,API,Posted via Braver Law
156377,API,Posted via Braver Law
156440,API,Posted via Braver Law
156472,API,Posted via Braver Law
156526,API,Posted via Braver Law
156548,API,Posted via Braver Law
156599,API,Posted via Braver Law
156662,API,Posted via Braver Law
157062,API,Posted via Braver Law
157130,API,Posted via Braver Law
157265,API,Posted via Braver Law
157315,API,Posted via Braver Law
157585,API,Posted via Braver Law
157617,API,Posted via Braver Law
157661,API,Posted via Braver Law
157849,API,Posted via Braver Law
157905,API,Posted via Braver Law
157967,API,Posted via Braver Law
158156,API,Posted via Braver Law
158308,API,Posted via Braver Law
158498,API,Posted via Braver Law
158573,API,Posted via Braver Law
158701,API,Posted via Braver Law
158767,API,Posted via Braver Law
158784,API,Posted via Braver Law
158888,API,Posted via Braver Law
158992,API,Posted via Braver Law
159074,API,Posted via Braver Law
159096,API,Posted via Braver Law
159150,API,Posted via Braver Law
159351,API,Posted via Braver Law
159658,API,Posted via Braver Law
160019,API,Posted via Braver Law
160251,API,Posted via Braver Law
160342,API,Posted via Braver Law
160354,API,Posted via Braver Law
160372,API,Posted via Braver Law
160506,API,Posted via Braver Law
160714,API,Posted via Braver Law
160797,API,Posted via Braver Law
161218,API,Posted via Braver Law
161292,API,Posted via Braver Law
161509,API,Posted via Braver Law
161646,API,Posted via Braver Law
161776,API,Posted via Braver Law
161830,API,Posted via Braver Law
162053,API,Posted via Braver Law
162068,API,Posted via Braver Law
162137,API,Posted via Braver Law
162237,API,Posted via Braver Law
162279,API,Posted via Braver Law
162635,API,Posted via Braver Law
162660,API,Posted via Braver Law
162823,API,Posted via Braver Law
163168,API,Posted via Braver Law
163335,API,Posted via Braver Law
163346,API,Posted via Braver Law
163722,API,Posted via Braver Law
163820,API,Posted via Braver Law
164167,API,Posted via Braver Law
164209,API,Posted via Braver Law
164281,API,Posted via Braver Law
164582,API,Posted via Braver Law
164671,API,Posted via Braver Law
164717,API,Posted via Braver Law
164757,API,Posted via Braver Law
164836,API,Posted via Braver Law
164837,API,Posted via Braver Law
164934,API,Posted via Braver Law
164937,API,Posted via Braver Law
165021,API,Posted via Braver Law
165040,API,Posted via Braver Law
165117,API,Posted via Braver Law
165213,API,Posted via Braver Law
165224,API,Posted via Braver Law
165369,API,Posted via Braver Law
165487,API,Posted via Braver Law
165625,API,Posted via Braver Law
165832,API,Posted via Braver Law
165883,API,Posted via Braver Law
165999,API,Posted via Braver Law
166005,API,Posted via Braver Law
166467,API,Posted via Braver Law
166497,API,Posted via Braver Law
166645,API,Posted via Braver Law
166687,API,Posted via Braver Law
166752,API,Posted via Braver Law
166794,API,Posted via Braver Law
166805,API,Posted via Braver Law
167030,API,Posted via Braver Law
167237,API,Posted via Braver Law
167257,API,Posted via Braver Law
167682,API,Posted via Braver Law
167765,API,Posted via Braver Law
167856,API,Posted via Braver Law
167867,API,Posted via Braver Law
167902,API,Posted via Braver Law
167980,API,Posted via Braver Law
168098,API,Posted via Braver Law
168245,API,Posted via Braver Law
168270,API,Posted via Braver Law
168314,API,Posted via Braver Law
168390,API,Posted via Braver Law
168608,API,Posted via Braver Law
168638,API,Posted via Braver Law
168711,API,Posted via Braver Law
168731,API,Posted via Braver Law
169292,API,Posted via Braver Law
169384,API,Posted via Braver Law
169417,API,Posted via Braver Law
169742,API,Posted via Braver Law
170013,API,Posted via Braver Law
170057,API,Posted via Braver Law
170087,API,Posted via Braver Law
170146,API,Posted via Braver Law
170201,API,Posted via Braver Law
170307,API,Posted via Braver Law
170675,API,Posted via Braver Law
170825,API,Posted via Braver Law
170847,API,Posted via Braver Law
170983,API,Posted via Braver Law
171079,API,Posted via Braver Law
171185,API,Posted via Braver Law
171686,API,Posted via Braver Law
171982,API,Posted via Braver Law
172051,API,Posted via Braver Law
172243,API,Posted via Braver Law
172245,API,Posted via Braver Law
172297,API,Posted via Braver Law
172360,API,Posted via Braver Law
172424,API,Posted via Braver Law
172443,API,Posted via Braver Law
172507,API,Posted via Braver Law
172553,API,Posted via Braver Law
172629,API,Posted via Braver Law
172685,API,Posted via Braver Law
172822,API,Posted via Braver Law
172899,API,Posted via Braver Law
172999,API,Posted via Braver Law
173158,API,Posted via Braver Law
173165,API,Posted via Braver Law
173239,API,Posted via Braver Law
173314,API,Posted via Braver Law
173366,API,Posted via Braver Law
173372,API,Posted via Braver Law
173570,API,Posted via Braver Law
173642,API,Posted via Braver Law
173679,API,Posted via Braver Law
173913,API,Posted via Braver Law
174102,API,Posted via Braver Law
174105,API,Posted via Braver Law
174112,API,Posted via Braver Law
174201,API,Posted via Braver Law
174219,API,Posted via Braver Law
174409,API,Posted via Braver Law
174491,API,Posted via Braver Law
174535,API,Posted via Braver Law
174594,API,Posted via Braver Law
174656,API,Posted via Braver Law
174819,API,Posted via Braver Law
174885,API,Posted via Braver Law
175097,API,Posted via Braver Law
175102,API,Posted via Braver Law
175196,API,Posted via Braver Law
175435,API,Posted via Braver Law
175443,API,Posted via Braver Law
175544,API,Posted via Braver Law
175552,API,Posted via Braver Law
175840,API,Posted via Braver Law
175947,API,Posted via Braver Law
176086,API,Posted via Braver Law
176237,API,Posted via Braver Law
176298,API,Posted via Braver Law
176344,API,Posted via Braver Law
176364,API,Posted via Braver Law
176586,API,Posted via Braver Law
177150,API,Posted via Braver Law
177173,API,Posted via Braver Law
177177,API,Posted via Braver Law
177242,API,Posted via Braver Law
177251,API,Posted via Braver Law
177278,API,Posted via Braver Law
177354,API,Posted via Braver Law
177370,API,Posted via Braver Law
177430,API,Posted via Braver Law
177468,API,Posted via Braver Law
177494,API,Posted via Braver Law
177711,API,Posted via Braver Law
177731,API,Posted via Braver Law
177745,API,Posted via Braver Law
177874,API,Posted via Braver Law
177933,API,Posted via Braver Law
178291,API,Posted via Braver Law
178364,API,Posted via Braver Law
178397,API,Posted via Braver Law
178518,API,Posted via Braver Law
178540,API,Posted via Braver Law
178550,API,Posted via Braver Law
178756,API,Posted via Braver Law
178818,API,Posted via Braver Law
178909,API,Posted via Braver Law
178945,API,Posted via Braver Law
179061,API,Posted via Braver Law
179139,API,Posted via Braver Law
179183,API,Posted via Braver Law
179425,API,Posted via Braver Law
179528,API,Posted via Braver Law
179543,API,Posted via Braver Law
179889,API,Posted via Braver Law
179901,API,Posted via Braver Law
179981,API,Posted via Braver Law
180085,API,Posted via Braver Law
180256,API,Posted via Braver Law
180437,API,Posted via Braver Law
180540,API,Posted via Braver Law
180688,API,Posted via Braver Law
180791,API,Posted via Braver Law
180814,API,Posted via Braver Law
180941,API,Posted via Braver Law
181139,API,Posted via Braver Law
181325,API,Posted via Braver Law
181453,API,Posted via Braver Law
181480,API,Posted via Braver Law
181585,API,Posted via Braver Law
181596,API,Posted via Braver Law
181666,API,Posted via Braver Law
182590,API,Posted via Braver Law
182622,API,Posted via Braver Law
182783,API,Posted via Braver Law
182892,API,Posted via Braver Law
182897,API,Posted via Braver Law
182912,API,Posted via Braver Law
183045,API,Posted via Braver Law
183123,API,Posted via Braver Law
183243,API,Posted via Braver Law
183372,API,Posted via Braver Law
183448,API,Posted via Braver Law
183562,API,Posted via Braver Law
183779,API,Posted via Braver Law
183839,API,Posted via Braver Law
183972,API,Posted via Braver Law
184684,API,Posted via Braver Law
184705,API,Posted via Braver Law
184708,API,Posted via Braver Law
184819,API,Posted via Braver Law
185032,API,Posted via Braver Law
185125,API,Posted via Braver Law
185134,API,Posted via Braver Law
185254,API,Posted via Braver Law
185452,API,Posted via Braver Law
185554,API,Posted via Braver Law
185755,API,Posted via Braver Law
185771,API,Posted via Braver Law
185897,API,Posted via Braver Law
185949,API,Posted via Braver Law
185966,API,Posted via Braver Law
185992,API,Posted via Braver Law
186038,API,Posted via Braver Law
186341,API,Posted via Braver Law
186369,API,Posted via Braver Law
186542,API,Posted via Braver Law
186615,API,Posted via Braver Law
186746,API,Posted via Braver Law
186815,API,Posted via Braver Law
186920,API,Posted via Braver Law
186940,API,Posted via Braver Law
186971,API,Posted via Braver Law
187303,API,Posted via Braver Law
187925,API,Posted via Braver Law
187962,API,Posted via Braver Law
188124,API,Posted via Braver Law
188323,API,Posted via Braver Law
188359,API,Posted via Braver Law
188372,API,Posted via Braver Law
188414,API,Posted via Braver Law
188467,API,Posted via Braver Law
188499,API,Posted via Braver Law
188615,API,Posted via Braver Law
189046,API,Posted via Braver Law
189200,API,Posted via Braver Law
189479,API,Posted via Braver Law
189616,API,Posted via Braver Law
189653,API,Posted via Braver Law
189811,API,Posted via Braver Law
189953,API,Posted via Braver Law
189959,API,Posted via Braver Law
190004,API,Posted via Braver Law
190116,API,Posted via Braver Law
190229,API,Posted via Braver Law
190255,API,Posted via Braver Law
190269,API,Posted via Braver Law
190510,API,Posted via Braver Law
190625,API,Posted via Braver Law
190643,API,Posted via Braver Law
190704,API,Posted via Braver Law
190752,API,Posted via Braver Law
190762,API,Posted via Braver Law
190939,API,Posted via Braver Law
190982,API,Posted via Braver Law
191000,API,Posted via Braver Law
191139,API,Posted via Braver Law
191151,API,Posted via Braver Law
191189,API,Posted via Braver Law
191305,API,Posted via Braver Law
191376,API,Posted via Braver Law
191544,API,Posted via Braver Law
191568,API,Posted via Braver Law
191608,API,Posted via Braver Law
191623,API,Posted via Braver Law
192148,API,Posted via Braver Law
192416,API,Posted via Braver Law
192454,API,Posted via Braver Law
192679,API,Posted via Braver Law
193040,API,Posted via Braver Law
193130,API,Posted via Braver Law
193191,API,Posted via Braver Law
193351,API,Posted via Braver Law
193656,API,Posted via Braver Law
193679,API,Posted via Braver Law
193703,API,Posted via Braver Law
193735,API,Posted via Braver Law
193770,API,Posted via Braver Law
193815,API,Posted via Braver Law
193912,API,Posted via Braver Law
194149,API,Posted via Braver Law
194573,API,Posted via Braver Law
194673,API,Posted via Braver Law
195017,API,Posted via Braver Law
195193,API,Posted via Braver Law
195200,API,Posted via Braver Law
195218,API,Posted via Braver Law
195224,API,Posted via Braver Law
195249,API,Posted via Braver Law
195275,API,Posted via Braver Law
195589,API,Posted via Braver Law
195624,API,Posted via Braver Law
195732,API,Posted via Braver Law
195756,API,Posted via Braver Law
195859,API,Posted via Braver Law
195903,API,Posted via Braver Law
195987,API,Posted via Braver Law
196080,API,Posted via Braver Law
196223,API,Posted via Braver Law
196302,API,Posted via Braver Law
196361,API,Posted via Braver Law
196544,API,Posted via Braver Law
196546,API,Posted via Braver Law
196558,API,Posted via Braver Law
197221,API,Posted via Braver Law
197430,API,Posted via Braver Law
197482,API,Posted via Braver Law
197676,API,Posted via Braver Law
197698,API,Posted via Braver Law
197913,API,Posted via Braver Law
197950,API,Posted via Braver Law
197970,API,Posted via Braver Law
198228,API,Posted via Braver Law
198235,API,Posted via Braver Law
198266,API,Posted via Braver Law
198276,API,Posted via Braver Law
198289,API,Posted via Braver Law
199017,API,Posted via Braver Law
199028,API,Posted via Braver Law
199053,API,Posted via Braver Law
199241,API,Posted via Braver Law
199254,API,Posted via Braver Law
199312,API,Posted via Braver Law
199337,API,Posted via Braver Law
199358,API,Posted via Braver Law
199389,API,Posted via Braver Law
199517,API,Posted via Braver Law
199611,API,Posted via Braver Law
199705,API,Posted via Braver Law
199708,API,Posted via Braver Law
199795,API,Posted via Braver Law
199881,API,Posted via Braver Law
200074,API,Posted via Braver Law
200145,API,Posted via Braver Law
200207,API,Posted via Braver Law
200316,API,Posted via Braver Law
200419,API,Posted via Braver Law
200582,API,Posted via Braver Law
200854,API,Posted via Braver Law
201180,API,Posted via Braver Law
201218,API,Posted via Braver Law
201343,API,Posted via Braver Law
201478,API,Posted via Braver Law
201537,API,Posted via Braver Law
201600,API,Posted via Braver Law
201783,API,Posted via Braver Law
201837,API,Posted via Braver Law
201881,API,Posted via Braver Law
202060,API,Posted via Braver Law
202116,API,Posted via Braver Law
202358,API,Posted via Braver Law
202502,API,Posted via Braver Law
202908,API,Posted via Braver Law
203187,API,Posted via Braver Law
203363,API,Posted via Braver Law
203414,API,Posted via Braver Law
203601,API,Posted via Braver Law
203738,API,Posted via Braver Law
203782,API,Posted via Braver Law
203953,API,Posted via Braver Law
204003,API,Posted via Braver Law
204125,API,Posted via Braver Law
204238,API,Posted via Braver Law
204489,API,Posted via Braver Law
204589,API,Posted via Braver Law
204784,API,Posted via Braver Law
204849,API,Posted via Braver Law
205230,API,Posted via Braver Law
205272,API,Posted via Braver Law
684464,API,Posted via Braver Law
684465,API,Posted via Braver Law
684467,API,Posted via Braver Law
684468,API,Posted via Braver Law
684470,API,Posted via Braver Law
684471,API,Posted via Braver Law
684472,API,Posted via Braver Law
684473,API,Posted via Braver Law
684474,API,Posted via Braver Law
684475,API,Posted via Braver Law
684476,API,Posted via Braver Law
684477,API,Posted via Braver Law
684478,API,Posted via Braver Law
684479,API,Posted via Braver Law
684480,API,Posted via Braver Law
684491,API,Posted via Braver Law
684493,API,Posted via Braver Law
684494,API,Posted via Braver Law
684496,API,Posted via Braver Law
684497,API,Posted via Braver Law
684499,API,Posted via Braver Law
684500,API,Posted via Braver Law
684534,API,Posted via Braver Law
684746,API,Posted via Braver Law
684748,API,Posted via Braver Law
684749,API,Posted via Braver Law
684751,API,Posted via Braver Law
684752,API,Posted via Braver Law
727525,API,Posted via Braver Law
735804,API,Posted via Braver Law
753484,API,Posted via Braver Law
753486,API,Posted via Braver Law
753487,API,Posted via Braver Law
753489,API,Posted via Braver Law
753490,API,Posted via Braver Law
753491,API,Posted via Braver Law
753492,API,Posted via Braver Law
753493,API,Posted via Braver Law
753495,API,Posted via Braver Law
753496,API,Posted via Braver Law
753498,API,Posted via Braver Law
753526,API,Posted via Braver Law
753527,API,Posted via Braver Law
753528,API,Posted via Braver Law
753530,API,Posted via Braver Law
753531,API,Posted via Braver Law
753536,API,Posted via Braver Law
753538,API,Posted via Braver Law
753539,API,Posted via Braver Law
753541,API,Posted via Braver Law
753542,API,Posted via Braver Law
753559,API,Posted via Braver Law
753560,API,Posted via Braver Law
753723,API,Posted via Braver Law
753724,API,Posted via Braver Law
753726,API,Posted via Braver Law
753756,API,Posted via Braver Law
753758,API,Posted via Braver Law
753759,API,Posted via Braver Law
753760,API,Posted via Braver Law
753761,API,Posted via Braver Law
753762,API,Posted via Braver Law
753763,API,Posted via Braver Law
753764,API,Posted via Braver Law
753765,API,Posted via Braver Law
753766,API,Posted via Braver Law
753767,API,Posted via Braver Law
753768,API,Posted via Braver Law
753772,API,Posted via Braver Law
753773,API,Posted via Braver Law
753774,API,Posted via Braver Law
753776,API,Posted via Braver Law
753777,API,Posted via Braver Law
753778,API,Posted via Braver Law
753779,API,Posted via Braver Law
753780,API,Posted via Braver Law
753781,API,Posted via Braver Law
753782,API,Posted via Braver Law
805760,API,Posted via Braver Law
805794,API,Posted via Braver Law
805795,API,Posted via Braver Law
805796,API,Posted via Braver Law
805797,API,Posted via Braver Law
805798,API,Posted via Braver Law
809464,API,Posted via Braver Law
809466,API,Posted via Braver Law
834091,API,Posted via Braver Law
834092,API,Posted via Braver Law
834099,API,Posted via Braver Law
834105,API,Posted via Braver Law
834106,API,Posted via Braver Law
834108,API,Posted via Braver Law
834277,API,Posted via Braver Law
834389,API,Posted via Braver Law
834390,API,Posted via Braver Law
834391,API,Posted via Braver Law